{"cameraMode":{"drawMode":0,"name":"Shaded","section":"Shading Mode"},"sceneLighting":true,"audioPlay":false,"sceneViewState":{"showFog":true,"showMaterialUpdate":false,"showSkybox":true,"showFlares":true,"showImageEffects":true,"showParticleSystems":true},"in2DMode":false,"pivot":{"x":7.654223918914795,"y":-4.748130798339844,"z":1.0834883451461793},"rotation":{"x":-0.3313444256782532,"y":-0.6052994132041931,"z":0.30572962760925295,"w":-0.656013011932373},"size":17.042505264282228,"orthographic":false}