{"cameraMode":{"drawMode":0,"name":"Shaded","section":"Shading Mode"},"sceneLighting":true,"audioPlay":false,"sceneViewState":{"showFog":true,"showMaterialUpdate":false,"showSkybox":true,"showFlares":true,"showImageEffects":true,"showParticleSystems":true},"in2DMode":false,"pivot":{"x":-1.7952065467834473,"y":0.6885157823562622,"z":-2.9384069442749025},"rotation":{"x":-0.08696183562278748,"y":0.8869572877883911,"z":-0.18655513226985932,"w":-0.4134509563446045},"size":10.0,"orthographic":false}