{"cameraMode":{"drawMode":0,"name":"Shaded","section":"Shading Mode"},"sceneLighting":true,"audioPlay":false,"sceneViewState":{"showFog":true,"showMaterialUpdate":false,"showSkybox":true,"showFlares":true,"showImageEffects":true,"showParticleSystems":true},"in2DMode":false,"pivot":{"x":-38.16824722290039,"y":68.70299530029297,"z":-4.23300838470459},"rotation":{"x":-0.16346019506454469,"y":-0.689131498336792,"z":0.16405434906482697,"w":-0.6866329908370972},"size":17.042505264282228,"orthographic":false}