{"cameraMode":{"drawMode":0,"name":"Shaded","section":"Shading Mode"},"sceneLighting":true,"audioPlay":false,"sceneViewState":{"showFog":true,"showMaterialUpdate":false,"showSkybox":true,"showFlares":true,"showImageEffects":true,"showParticleSystems":true},"in2DMode":false,"pivot":{"x":-65.5945816040039,"y":91.61380767822266,"z":93.17084503173828},"rotation":{"x":-0.11808335036039353,"y":-0.8440488576889038,"z":0.4801555871963501,"w":-0.20757773518562318},"size":8.918460845947266,"orthographic":false}