{"cameraMode":{"drawMode":0,"name":"Shaded","section":"Shading Mode"},"sceneLighting":true,"audioPlay":false,"sceneViewState":{"showFog":true,"showMaterialUpdate":false,"showSkybox":true,"showFlares":true,"showImageEffects":true,"showParticleSystems":true},"in2DMode":false,"pivot":{"x":-5.967256546020508,"y":9.54146957397461,"z":-1.067467451095581},"rotation":{"x":0.12717586755752564,"y":0.7085210680961609,"z":-0.1322324424982071,"w":0.6814241409301758},"size":12.28752613067627,"orthographic":false}